Top queries,Clicks,Impressions,CTR,Position
bolder electric,0,7,0%,1
electrician menifee ca,0,7,0%,48.29
electrical panel upgrades menifee ca,0,6,0%,17.17
commercial electrical services menifee ca,0,5,0%,16.4
electrical panel repair menifee ca,0,4,0%,23.75
commercial electrical contractor menifee,0,3,0%,10.33
emergency electrician menifee ca,0,3,0%,13.67
emergency electrical services menifee,0,3,0%,14
electrical panel replacement menifee,0,3,0%,18.33
electrical panel upgrade menifee ca,0,3,0%,22.33
bolder,0,2,0%,7.5
commercial electrician menifee ca,0,2,0%,13
home electrical upgrades menifee,0,2,0%,17
residential electrician menifee ca,0,2,0%,19
electrical repairs menifee ca,0,2,0%,22
boulder electric,0,1,0%,2
emergency electrical services riverside,0,1,0%,11
high voltage electrician menifee ca,0,1,0%,12
electrical contractors menifee,0,1,0%,14
electricians in menifee ca,0,1,0%,15
can lighting repair menifee ca,0,1,0%,16
licensed electrician menifee ca,0,1,0%,16
menifee ca residential electrician,0,1,0%,16
electrical repair menifee ca,0,1,0%,17
"electrical services menifee, ca",0,1,0%,43
home electrical contractors menifee ca,0,1,0%,43
electric contractor menifee ca,0,1,0%,46
electrician menifee,0,1,0%,46
menifee electrician,0,1,0%,49
"local electric company menifee, ca",0,1,0%,51
butler electric llc,0,1,0%,65
"electrical services near me in menifee, ca",0,1,0%,68