page,query,clicks,impressions,ctr,position
https://bolderelectric.com/,bolder electric,1,5,0.2,2.2
https://bolderelectric.com/,best electrician in menifee ca,0,2,0.0,89.5
https://bolderelectric.com/,black bull electric,0,1,0.0,64.0
https://bolderelectric.com/,commercial electrical contractor menifee,0,1,0.0,1.0
https://bolderelectric.com/,commercial electrical services menifee ca,0,1,0.0,32.0
https://bolderelectric.com/,"electric company near me in menifee, ca",0,1,0.0,78.0
https://bolderelectric.com/,electric service company menifee,0,3,0.0,16.666666666666664
https://bolderelectric.com/,electrical installation service in menifee,0,1,0.0,17.0
https://bolderelectric.com/,electrical maintenance in menifee,0,2,0.0,13.5
https://bolderelectric.com/,electrical panel replacement menifee,0,1,0.0,34.0
https://bolderelectric.com/,electrical panel upgrades menifee ca,0,1,0.0,33.0
https://bolderelectric.com/,electrical retrofitting menifee ca,0,1,0.0,54.0
https://bolderelectric.com/,electrical service bolder,0,2,0.0,4.5
https://bolderelectric.com/,electrical services in menifee ca,0,1,0.0,72.0
https://bolderelectric.com/,"electrical services menifee, ca",0,1,0.0,40.0
https://bolderelectric.com/,"electrical services near me in menifee, ca",0,1,0.0,55.0
https://bolderelectric.com/,electrician menifee,0,3,0.0,45.333333333333336
https://bolderelectric.com/,electrician menifee ca,0,4,0.0,41.5
https://bolderelectric.com/,electricians menifee,0,2,0.0,50.5
https://bolderelectric.com/,electricians menifee ca,0,1,0.0,44.0
https://bolderelectric.com/,emergency electrical services menifee,0,1,0.0,15.0
https://bolderelectric.com/,home electrical upgrades menifee,0,5,0.0,16.8
https://bolderelectric.com/,led lighting installation menifee ca,0,1,0.0,28.0
https://bolderelectric.com/,local electric company menifee,0,2,0.0,18.0
https://bolderelectric.com/,"local electric company menifee, ca",0,1,0.0,25.0
https://bolderelectric.com/,menifee ca electrical contractor,0,2,0.0,50.0
https://bolderelectric.com/,menifee electrical services,0,1,0.0,16.0
https://bolderelectric.com/,menifee electrician,0,1,0.0,44.0
https://bolderelectric.com/,professional electricians in menifee ca,0,1,0.0,45.0
https://bolderelectric.com/electrician/corona-ca,2279 eagle glen pkwy #112-118 corona ca electrician exact address,0,2,0.0,21.5
https://bolderelectric.com/electrician/corona-ca,24 hour electrician corona ca,0,4,0.0,10.0
https://bolderelectric.com/electrician/corona-ca,affordable electrical services corona,0,3,0.0,18.333333333333332
https://bolderelectric.com/electrician/corona-ca,affordable electrician corona ca,0,1,0.0,23.0
https://bolderelectric.com/electrician/corona-ca,best electrician in corona ca,0,1,0.0,26.0
https://bolderelectric.com/electrician/corona-ca,bolder electric,0,1,0.0,1.0
https://bolderelectric.com/electrician/corona-ca,breaker panel replacement near me,0,1,0.0,20.0
https://bolderelectric.com/electrician/corona-ca,commercial electrical inspection corona ca,0,1,0.0,15.0
https://bolderelectric.com/electrician/corona-ca,commercial electrical maintenance and repair corona ca,0,4,0.0,4.25
https://bolderelectric.com/electrician/corona-ca,commercial electrical panels in corona,0,4,0.0,14.25
https://bolderelectric.com/electrician/corona-ca,commercial electrical services corona,0,4,0.0,15.5
https://bolderelectric.com/electrician/corona-ca,commercial electrical services in corona,0,3,0.0,14.333333333333334
https://bolderelectric.com/electrician/corona-ca,commercial electrician corona ca,0,4,0.0,12.0
https://bolderelectric.com/electrician/corona-ca,commercial electrician near me,0,1,0.0,7.0
https://bolderelectric.com/electrician/corona-ca,corona ca commercial electrical services,0,3,0.0,14.333333333333334
https://bolderelectric.com/electrician/corona-ca,corona ca electrical contractor,0,1,0.0,27.0
https://bolderelectric.com/electrician/corona-ca,corona ca electrician,0,3,0.0,19.666666666666668
https://bolderelectric.com/electrician/corona-ca,corona ca residential electrician,0,6,0.0,14.833333333333334
https://bolderelectric.com/electrician/corona-ca,corona electrician,0,5,0.0,18.4
https://bolderelectric.com/electrician/corona-ca,corona electricians,0,2,0.0,32.5
https://bolderelectric.com/electrician/corona-ca,corona residential electrician,0,3,0.0,17.0
https://bolderelectric.com/electrician/corona-ca,electrical companies near me,0,4,0.0,18.5
https://bolderelectric.com/electrician/corona-ca,electrical company near me,0,4,0.0,13.5
https://bolderelectric.com/electrician/corona-ca,electrical panel repair near me,0,2,0.0,5.0
https://bolderelectric.com/electrician/corona-ca,electrical panel replacement near me,0,2,0.0,13.5
https://bolderelectric.com/electrician/corona-ca,electrical panel upgrade corona ca,0,5,0.0,14.2
https://bolderelectric.com/electrician/corona-ca,electrical panel upgrade near me,0,2,0.0,12.0
https://bolderelectric.com/electrician/corona-ca,electrical panel upgrades corona ca,0,7,0.0,11.142857142857142
https://bolderelectric.com/electrician/corona-ca,electrical repair,0,3,0.0,10.333333333333334
https://bolderelectric.com/electrician/corona-ca,electrical repairs in the home,0,1,0.0,68.0
https://bolderelectric.com/electrician/corona-ca,electrical services in corona ca,0,5,0.0,18.6
https://bolderelectric.com/electrician/corona-ca,electrician corona,0,15,0.0,15.333333333333334
https://bolderelectric.com/electrician/corona-ca,electrician corona ca,0,10,0.0,18.3
https://bolderelectric.com/electrician/corona-ca,electrician in corona,0,4,0.0,21.0
https://bolderelectric.com/electrician/corona-ca,electrician in corona ca,0,3,0.0,19.0
https://bolderelectric.com/electrician/corona-ca,electrician near me,0,15,0.0,9.933333333333334
https://bolderelectric.com/electrician/corona-ca,electricians corona,0,6,0.0,27.5
https://bolderelectric.com/electrician/corona-ca,electricians corona ca,0,8,0.0,23.25
https://bolderelectric.com/electrician/corona-ca,electricians in corona,0,1,0.0,24.0
https://bolderelectric.com/electrician/corona-ca,electricians in corona ca,0,2,0.0,22.0
https://bolderelectric.com/electrician/corona-ca,electricians near me,0,3,0.0,12.0
https://bolderelectric.com/electrician/corona-ca,emergency commercial electrician near me,0,1,0.0,20.0
https://bolderelectric.com/electrician/corona-ca,emergency electrical repair near me,0,2,0.0,33.5
https://bolderelectric.com/electrician/corona-ca,emergency electrical services corona,0,10,0.0,6.5
https://bolderelectric.com/electrician/corona-ca,journeyman electrician in corona ca,0,1,0.0,21.0
https://bolderelectric.com/electrician/corona-ca,licensed electrician corona ca,0,7,0.0,18.428571428571427
https://bolderelectric.com/electrician/corona-ca,professional electricians in corona ca,0,8,0.0,14.75
https://bolderelectric.com/electrician/corona-ca,remodel home addition electrical corona ca,0,1,0.0,32.0
https://bolderelectric.com/electrician/corona-ca,residential electrical remodels in corona,0,2,0.0,18.5
https://bolderelectric.com/electrician/corona-ca,residential electrical resolution services in corona,0,1,0.0,13.0
https://bolderelectric.com/electrician/corona-ca,residential electrical services corona,0,6,0.0,19.166666666666668
https://bolderelectric.com/electrician/corona-ca,residential electrical services corona ca,0,4,0.0,14.75
https://bolderelectric.com/electrician/corona-ca,residential electrical services in corona,0,3,0.0,16.333333333333336
https://bolderelectric.com/electrician/corona-ca,residential electrical upgrades in corona,0,7,0.0,5.857142857142857
https://bolderelectric.com/electrician/corona-ca,residential electrician corona,0,3,0.0,14.666666666666666
https://bolderelectric.com/electrician/corona-ca,service panel upgrades corona ca,0,6,0.0,11.166666666666666
https://bolderelectric.com/electrician/hemet-ca,electrician hemet,0,3,0.0,9.666666666666666
https://bolderelectric.com/electrician/hemet-ca,electrician in hemet,0,1,0.0,19.0
https://bolderelectric.com/electrician/hemet-ca,hemet electrician,0,4,0.0,20.5
https://bolderelectric.com/electrician/lake-elsinore-ca,commercial electrical repair,0,1,0.0,4.0
https://bolderelectric.com/electrician/lake-elsinore-ca,commercial electrical repair company,0,1,0.0,8.0
https://bolderelectric.com/electrician/lake-elsinore-ca,electrical contractor in lake elsinore,0,15,0.0,24.8
https://bolderelectric.com/electrician/lake-elsinore-ca,electrical panel upgrades lake elsinore ca,0,3,0.0,7.0
https://bolderelectric.com/electrician/lake-elsinore-ca,electrical service,0,1,0.0,8.0
https://bolderelectric.com/electrician/lake-elsinore-ca,electrical service lake elsinore,0,17,0.0,18.176470588235293
https://bolderelectric.com/electrician/lake-elsinore-ca,electrician in lake elsinore,0,7,0.0,15.714285714285714
https://bolderelectric.com/electrician/lake-elsinore-ca,electrician lake elsinore,0,29,0.0,15.620689655172415
https://bolderelectric.com/electrician/lake-elsinore-ca,electrician lake elsinore ca,0,9,0.0,16.11111111111111
https://bolderelectric.com/electrician/lake-elsinore-ca,electricians in lake elsinore ca,0,3,0.0,19.0
https://bolderelectric.com/electrician/lake-elsinore-ca,lake elsinore electrician,0,4,0.0,13.0
https://bolderelectric.com/electrician/menifee-ca,24 hour commercial electrician near me,0,1,0.0,9.0
https://bolderelectric.com/electrician/menifee-ca,24 hour electrician near me,0,1,0.0,7.0
https://bolderelectric.com/electrician/menifee-ca,affordable electrical services menifee ca,0,2,0.0,15.5
https://bolderelectric.com/electrician/menifee-ca,affordable electrician menifee ca,0,4,0.0,20.0
https://bolderelectric.com/electrician/menifee-ca,affordable electrician near me,0,1,0.0,13.0
https://bolderelectric.com/electrician/menifee-ca,best electrician in menifee ca,0,1,0.0,27.0
https://bolderelectric.com/electrician/menifee-ca,best electrician near me,0,2,0.0,15.0
https://bolderelectric.com/electrician/menifee-ca,breaker panel repair near me,0,1,0.0,6.0
https://bolderelectric.com/electrician/menifee-ca,business electrician near me,0,2,0.0,11.0
https://bolderelectric.com/electrician/menifee-ca,can lighting repair menifee ca,0,6,0.0,16.333333333333336
https://bolderelectric.com/electrician/menifee-ca,commercial electrical contractor menifee,0,3,0.0,12.0
https://bolderelectric.com/electrician/menifee-ca,commercial electrical repair near me,0,1,0.0,5.0
https://bolderelectric.com/electrician/menifee-ca,commercial electrical services menifee ca,0,5,0.0,6.8
https://bolderelectric.com/electrician/menifee-ca,commercial electrician menifee ca,0,3,0.0,8.666666666666668
https://bolderelectric.com/electrician/menifee-ca,commercial electrician near me,0,3,0.0,8.333333333333332
https://bolderelectric.com/electrician/menifee-ca,"electric company near me in menifee, ca",0,1,0.0,35.0
https://bolderelectric.com/electrician/menifee-ca,electric contractor menifee ca,0,2,0.0,13.5
https://bolderelectric.com/electrician/menifee-ca,electric repair service,0,2,0.0,7.0
https://bolderelectric.com/electrician/menifee-ca,electrical company near me,0,5,0.0,15.6
https://bolderelectric.com/electrician/menifee-ca,electrical contractor in menifee,0,2,0.0,16.0
https://bolderelectric.com/electrician/menifee-ca,electrical contractor near me,0,2,0.0,13.0
https://bolderelectric.com/electrician/menifee-ca,electrical contractors menifee,0,3,0.0,16.333333333333336
https://bolderelectric.com/electrician/menifee-ca,electrical panel electrician near me,0,1,0.0,8.0
https://bolderelectric.com/electrician/menifee-ca,electrical panel repair menifee ca,0,8,0.0,3.75
https://bolderelectric.com/electrician/menifee-ca,electrical panel replacement menifee,0,8,0.0,10.5
https://bolderelectric.com/electrician/menifee-ca,electrical panel upgrade menifee ca,0,6,0.0,13.166666666666666
https://bolderelectric.com/electrician/menifee-ca,electrical panel upgrades menifee ca,0,7,0.0,10.857142857142858
https://bolderelectric.com/electrician/menifee-ca,electrical remodeling services,0,2,0.0,9.0
https://bolderelectric.com/electrician/menifee-ca,electrical repair,0,2,0.0,10.0
https://bolderelectric.com/electrician/menifee-ca,electrical repair menifee ca,0,3,0.0,14.666666666666666
https://bolderelectric.com/electrician/menifee-ca,electrical repairs menifee ca,0,5,0.0,10.8
https://bolderelectric.com/electrician/menifee-ca,electrical retrofitting menifee ca,0,4,0.0,19.5
https://bolderelectric.com/electrician/menifee-ca,electrical service menifee,0,3,0.0,15.666666666666666
https://bolderelectric.com/electrician/menifee-ca,electrical services in menifee ca,0,2,0.0,15.5
https://bolderelectric.com/electrician/menifee-ca,electrical services menifee,0,3,0.0,14.0
https://bolderelectric.com/electrician/menifee-ca,electrical services menifee ca,0,3,0.0,12.333333333333334
https://bolderelectric.com/electrician/menifee-ca,"electrical services menifee, ca",0,1,0.0,16.0
https://bolderelectric.com/electrician/menifee-ca,electrical services near me,0,4,0.0,11.5
https://bolderelectric.com/electrician/menifee-ca,electrical services near me in menifee,0,3,0.0,17.0
https://bolderelectric.com/electrician/menifee-ca,"electrical services near me in menifee, ca",0,1,0.0,18.0
https://bolderelectric.com/electrician/menifee-ca,electrician in menifee,0,6,0.0,14.0
https://bolderelectric.com/electrician/menifee-ca,electrician in menifee ca,0,4,0.0,13.5
https://bolderelectric.com/electrician/menifee-ca,electrician menifee,0,19,0.0,16.210526315789473
https://bolderelectric.com/electrician/menifee-ca,electrician menifee ca,0,27,0.0,10.88888888888889
https://bolderelectric.com/electrician/menifee-ca,electrician near me,0,11,0.0,12.090909090909092
https://bolderelectric.com/electrician/menifee-ca,electricians in menifee ca,0,3,0.0,15.333333333333334
https://bolderelectric.com/electrician/menifee-ca,electricians menifee,0,6,0.0,18.833333333333332
https://bolderelectric.com/electrician/menifee-ca,electricians menifee ca,0,11,0.0,14.272727272727273
https://bolderelectric.com/electrician/menifee-ca,emergency commercial electrician near me,0,2,0.0,5.0
https://bolderelectric.com/electrician/menifee-ca,emergency electrical services menifee,0,4,0.0,6.25
https://bolderelectric.com/electrician/menifee-ca,emergency electrician menifee ca,0,3,0.0,6.333333333333333
https://bolderelectric.com/electrician/menifee-ca,emergency electrician near me,0,2,0.0,7.5
https://bolderelectric.com/electrician/menifee-ca,emergency residential electrician near me,0,2,0.0,7.5
https://bolderelectric.com/electrician/menifee-ca,high voltage electrician menifee ca,0,3,0.0,19.666666666666668
https://bolderelectric.com/electrician/menifee-ca,home electrical company menifee ca,0,2,0.0,18.0
https://bolderelectric.com/electrician/menifee-ca,home electrical contractors menifee ca,0,3,0.0,11.666666666666666
https://bolderelectric.com/electrician/menifee-ca,home electrical upgrades menifee,0,4,0.0,10.5
https://bolderelectric.com/electrician/menifee-ca,licensced electrician services menifee california,0,3,0.0,14.0
https://bolderelectric.com/electrician/menifee-ca,licensed electrician menifee ca,0,10,0.0,16.2
https://bolderelectric.com/electrician/menifee-ca,"local electric company menifee, ca",0,1,0.0,68.0
https://bolderelectric.com/electrician/menifee-ca,local electrician menifee ca,0,2,0.0,19.5
https://bolderelectric.com/electrician/menifee-ca,master electrician menifee ca,0,2,0.0,19.5
https://bolderelectric.com/electrician/menifee-ca,master electrician near me,0,1,0.0,12.0
https://bolderelectric.com/electrician/menifee-ca,menifee ca electrical contractor,0,5,0.0,11.8
https://bolderelectric.com/electrician/menifee-ca,menifee ca residential electrician,0,8,0.0,10.125
https://bolderelectric.com/electrician/menifee-ca,menifee electrical services,0,3,0.0,12.0
https://bolderelectric.com/electrician/menifee-ca,menifee electrician,0,3,0.0,18.666666666666668
https://bolderelectric.com/electrician/menifee-ca,professional electricians in menifee ca,0,4,0.0,13.0
https://bolderelectric.com/electrician/menifee-ca,recessed lighting repair menifee ca,0,5,0.0,17.4
https://bolderelectric.com/electrician/menifee-ca,residential electrician menifee,0,3,0.0,11.666666666666666
https://bolderelectric.com/electrician/menifee-ca,residential electrician menifee ca,0,8,0.0,11.625
https://bolderelectric.com/electrician/murrieta-ca,24 hour electrician,0,2,0.0,8.0
https://bolderelectric.com/electrician/murrieta-ca,24 hour electrician murrieta,0,2,0.0,14.5
https://bolderelectric.com/electrician/murrieta-ca,24 hour electrician near me,0,1,0.0,9.0
https://bolderelectric.com/electrician/murrieta-ca,breaker panel replacement murrieta,0,2,0.0,17.5
https://bolderelectric.com/electrician/murrieta-ca,breaker panel replacement near me,0,1,0.0,18.0
https://bolderelectric.com/electrician/murrieta-ca,commercial electrical repair,0,16,0.0,4.4375
https://bolderelectric.com/electrician/murrieta-ca,commercial electrical repair service,0,1,0.0,6.0
https://bolderelectric.com/electrician/murrieta-ca,commercial electrician near me,0,1,0.0,20.0
https://bolderelectric.com/electrician/murrieta-ca,electric repair service,0,3,0.0,13.666666666666666
https://bolderelectric.com/electrician/murrieta-ca,electrical panel repair murrieta,0,75,0.0,15.44
https://bolderelectric.com/electrician/murrieta-ca,electrical panel repair murrieta ca,0,73,0.0,14.383561643835616
https://bolderelectric.com/electrician/murrieta-ca,electrical panel repair near me,0,2,0.0,7.5
https://bolderelectric.com/electrician/murrieta-ca,electrical panel replacement murrieta,0,66,0.0,25.954545454545453
https://bolderelectric.com/electrician/murrieta-ca,electrical panel replacement near me,0,1,0.0,17.0
https://bolderelectric.com/electrician/murrieta-ca,electrical panel upgrade murrieta,0,38,0.0,24.789473684210527
https://bolderelectric.com/electrician/murrieta-ca,electrical panel upgrade murrieta ca,0,65,0.0,17.83076923076923
https://bolderelectric.com/electrician/murrieta-ca,electrical panel upgrade near me,0,1,0.0,12.0
https://bolderelectric.com/electrician/murrieta-ca,electrical repair,0,7,0.0,13.142857142857142
https://bolderelectric.com/electrician/murrieta-ca,electrical repair murrieta,0,5,0.0,28.6
https://bolderelectric.com/electrician/murrieta-ca,electrical repair murrieta ca,0,2,0.0,28.0
https://bolderelectric.com/electrician/murrieta-ca,electrical repair near me,0,6,0.0,13.833333333333334
https://bolderelectric.com/electrician/murrieta-ca,electrical repair rancho murieta,0,1,0.0,54.0
https://bolderelectric.com/electrician/murrieta-ca,electrical repair services,0,4,0.0,15.0
https://bolderelectric.com/electrician/murrieta-ca,electrical repairs murrieta ca,0,1,0.0,30.0
https://bolderelectric.com/electrician/murrieta-ca,electrical service upgrade murrieta ca,0,1,0.0,22.0
https://bolderelectric.com/electrician/murrieta-ca,electrical services murrieta ca,0,1,0.0,26.0
https://bolderelectric.com/electrician/murrieta-ca,electrical troubleshooting murrieta ca,0,2,0.0,18.5
https://bolderelectric.com/electrician/murrieta-ca,electrician in murrieta,0,1,0.0,33.0
https://bolderelectric.com/electrician/murrieta-ca,electrician in murrieta ca,0,1,0.0,29.0
https://bolderelectric.com/electrician/murrieta-ca,electrician murrieta,0,56,0.0,32.55357142857143
https://bolderelectric.com/electrician/murrieta-ca,electrician murrieta ca,0,52,0.0,29.26923076923077
https://bolderelectric.com/electrician/murrieta-ca,electrician near me,0,7,0.0,20.571428571428573
https://bolderelectric.com/electrician/murrieta-ca,electricians murrieta,0,8,0.0,37.25
https://bolderelectric.com/electrician/murrieta-ca,electricians murrieta ca,0,2,0.0,30.0
https://bolderelectric.com/electrician/murrieta-ca,emergency electrical services,0,3,0.0,3.6666666666666665
https://bolderelectric.com/electrician/murrieta-ca,emergency electrician,0,29,0.0,3.0
https://bolderelectric.com/electrician/murrieta-ca,emergency electrician murrieta,0,11,0.0,6.0
https://bolderelectric.com/electrician/murrieta-ca,emergency electrician murrieta ca,0,5,0.0,6.6
https://bolderelectric.com/electrician/murrieta-ca,emergency electrician near me,0,8,0.0,3.75
https://bolderelectric.com/electrician/murrieta-ca,home electrical repair murrieta ca,0,3,0.0,24.0
https://bolderelectric.com/electrician/murrieta-ca,local electrician murrieta,0,1,0.0,40.0
https://bolderelectric.com/electrician/murrieta-ca,murrieta electrical panel upgrades,0,4,0.0,36.0
https://bolderelectric.com/electrician/murrieta-ca,murrieta electrical repair,0,1,0.0,33.0
https://bolderelectric.com/electrician/murrieta-ca,murrieta electrician,0,48,0.0,36.041666666666664
https://bolderelectric.com/electrician/murrieta-ca,outlet repair murrieta ca,0,3,0.0,24.666666666666668
https://bolderelectric.com/electrician/murrieta-ca,rancho murieta residential electrical services,0,1,0.0,44.0
https://bolderelectric.com/electrician/murrieta-ca,residential electrical services rancho murieta,0,3,0.0,39.333333333333336
https://bolderelectric.com/electrician/murrieta-ca,switch and outlet repair murrieta ca,0,1,0.0,38.0
https://bolderelectric.com/electrician/perris-ca,bolder electric,0,1,0.0,1.0
https://bolderelectric.com/electrician/perris-ca,breaker panel repair near me,0,1,0.0,15.0
https://bolderelectric.com/electrician/perris-ca,electrical contractor in perris,0,2,0.0,18.5
https://bolderelectric.com/electrician/perris-ca,electrical panel electrician near me,0,1,0.0,5.0
https://bolderelectric.com/electrician/perris-ca,electrical repair,0,1,0.0,11.0
https://bolderelectric.com/electrician/perris-ca,electrician company,0,1,0.0,10.0
https://bolderelectric.com/electrician/perris-ca,electrician in perris,0,2,0.0,15.5
https://bolderelectric.com/electrician/perris-ca,electrician near me,0,3,0.0,11.666666666666666
https://bolderelectric.com/electrician/perris-ca,electrician perris ca,0,1,0.0,18.0
https://bolderelectric.com/electrician/perris-ca,panel upgrade near me,0,1,0.0,6.0
https://bolderelectric.com/electrician/perris-ca,perris commercial electrical services,0,2,0.0,10.0
https://bolderelectric.com/electrician/temecula-ca,24 hour electrician temecula,0,2,0.0,16.0
https://bolderelectric.com/electrician/temecula-ca,best electrician in temecula ca,0,1,0.0,49.0
https://bolderelectric.com/electrician/temecula-ca,bolder electric,0,1,0.0,2.0
https://bolderelectric.com/electrician/temecula-ca,breaker panel replacement temecula,0,5,0.0,18.4
https://bolderelectric.com/electrician/temecula-ca,commercial electrical services temecula,0,1,0.0,20.0
https://bolderelectric.com/electrician/temecula-ca,commercial electrical services temecula ca,0,1,0.0,18.0
https://bolderelectric.com/electrician/temecula-ca,commercial electrician temecula ca,0,1,0.0,20.0
https://bolderelectric.com/electrician/temecula-ca,electrical panel maintenance temecula ca,0,3,0.0,16.0
https://bolderelectric.com/electrician/temecula-ca,electrical panel repair temecula,0,5,0.0,13.4
https://bolderelectric.com/electrician/temecula-ca,electrical panel repair temecula ca,0,7,0.0,13.142857142857142
https://bolderelectric.com/electrician/temecula-ca,electrical panel replacement near me,0,1,0.0,14.0
https://bolderelectric.com/electrician/temecula-ca,electrical panel replacement temecula,0,4,0.0,19.5
https://bolderelectric.com/electrician/temecula-ca,electrical panel services temecula ca,0,3,0.0,15.0
https://bolderelectric.com/electrician/temecula-ca,electrical panel upgrade temecula,0,6,0.0,22.0
https://bolderelectric.com/electrician/temecula-ca,electrical panel upgrade temecula ca,0,4,0.0,19.0
https://bolderelectric.com/electrician/temecula-ca,electrical panel upgrades temecula ca,0,6,0.0,15.666666666666666
https://bolderelectric.com/electrician/temecula-ca,electrical repair temecula ca,0,16,0.0,34.8125
https://bolderelectric.com/electrician/temecula-ca,"electrical services near me in temecula, ca",0,2,0.0,33.5
https://bolderelectric.com/electrician/temecula-ca,electrician temecula,0,13,0.0,42.07692307692308
https://bolderelectric.com/electrician/temecula-ca,electrician temecula ca,0,23,0.0,38.91304347826087
https://bolderelectric.com/electrician/temecula-ca,emergency electrical repair temecula,0,3,0.0,10.666666666666666
https://bolderelectric.com/electrician/temecula-ca,emergency electrical services temecula,0,5,0.0,11.4
https://bolderelectric.com/electrician/temecula-ca,emergency electrician temecula,0,3,0.0,9.666666666666666
https://bolderelectric.com/electrician/temecula-ca,emergency electrician temecula ca,0,9,0.0,11.777777777777779
https://bolderelectric.com/electrician/temecula-ca,home electrical upgrades temecula,0,1,0.0,23.0
https://bolderelectric.com/electrician/temecula-ca,professional electricians in temecula ca,0,2,0.0,29.0
https://bolderelectric.com/electrician/temecula-ca,residential electrical services temecula ca,0,1,0.0,32.0
https://bolderelectric.com/electrician/temecula-ca,residential electrician temecula,0,9,0.0,36.888888888888886
https://bolderelectric.com/electrician/temecula-ca,temecula electrician,0,18,0.0,42.44444444444444
https://bolderelectric.com/electrician/wildomar-ca,24/7 electrician near me,0,1,0.0,12.0
https://bolderelectric.com/electrician/wildomar-ca,breaker panel repair near me,0,1,0.0,14.0
https://bolderelectric.com/electrician/wildomar-ca,electrical contractor wildomar,0,1,0.0,20.0
https://bolderelectric.com/electrician/wildomar-ca,electrical panel electrician near me,0,1,0.0,7.0
https://bolderelectric.com/electrician/wildomar-ca,electrical panel upgrade wildomar,0,1,0.0,13.0
https://bolderelectric.com/electrician/wildomar-ca,electrical repair,0,2,0.0,10.0
https://bolderelectric.com/electrician/wildomar-ca,electrical repair wildomar,0,2,0.0,19.5
https://bolderelectric.com/electrician/wildomar-ca,electrical service wildomar,0,4,0.0,8.75
https://bolderelectric.com/electrician/wildomar-ca,electrician in wildomar,0,2,0.0,16.5
https://bolderelectric.com/electrician/wildomar-ca,electrician near me,0,1,0.0,12.0
https://bolderelectric.com/electrician/wildomar-ca,electrician wildomar,0,22,0.0,17.5
https://bolderelectric.com/electrician/wildomar-ca,electrician wildomar ca,0,4,0.0,14.0
https://bolderelectric.com/electrician/wildomar-ca,electricians in wildomar ca,0,3,0.0,14.333333333333334
https://bolderelectric.com/electrician/wildomar-ca,electricians near me wildomar,0,2,0.0,19.0
https://bolderelectric.com/electrician/wildomar-ca,electricians wildomar,0,3,0.0,19.666666666666668
https://bolderelectric.com/electrician/wildomar-ca,electricians wildomar ca,0,5,0.0,14.8
https://bolderelectric.com/electrician/wildomar-ca,residential electrician wildomar,0,3,0.0,14.0
https://bolderelectric.com/electrician/wildomar-ca,wildomar electrician,0,5,0.0,17.2
https://bolderelectric.com/gallery,bolder electric,0,1,0.0,1.0
https://bolderelectric.com/schedule,best electrician in menifee ca,0,1,0.0,68.0
https://bolderelectric.com/schedule,bolder electric,0,1,0.0,2.0
https://bolderelectric.com/schedule,"electrical services menifee, ca",0,1,0.0,57.0
https://bolderelectric.com/schedule,emergency electrical services menifee,0,1,0.0,22.0
https://bolderelectric.com/schedule,how do i schedule residential electrical service?,0,1,0.0,7.0
https://bolderelectric.com/schedule,professional electricians in menifee ca,0,1,0.0,72.0
https://bolderelectric.com/services/residential-electrician-services,bolder electric,0,1,0.0,1.0
https://bolderelectric.com/services/residential-electrician-services,electrical service bolder,0,2,0.0,44.0
https://www.bolderelectric.com/,bolder electric,0,4,0.0,4.25
https://www.bolderelectric.com/,electrical contractor in lake elsinore,0,2,0.0,6.0
https://www.bolderelectric.com/,electrical contractor in perris,0,2,0.0,16.0
https://www.bolderelectric.com/,electrical maintenance,0,1,0.0,1.0
https://www.bolderelectric.com/,electrician in lake elsinore,0,2,0.0,6.0
https://www.bolderelectric.com/,electrician in menifee,0,1,0.0,21.0
https://www.bolderelectric.com/,electrician in perris,0,2,0.0,16.0
https://www.bolderelectric.com/,electrician lake elsinore,0,2,0.0,9.0
https://www.bolderelectric.com/,electrician near me,0,1,0.0,1.0
